Data Source,World Development Indicators,,,,,,,,,,,,,,,,,,,,,,,,,,,,,,,,,,,,,,,,,,,,,,,,,,,,,,,,,,,,,,,,,,
,,,,,,,,,,,,,,,,,,,,,,,,,,,,,,,,,,,,,,,,,,,,,,,,,,,,,,,,,,,,,,,,,,,
Last Updated Date,2024-03-28,,,,,,,,,,,,,,,,,,,,,,,,,,,,,,,,,,,,,,,,,,,,,,,,,,,,,,,,,,,,,,,,,,
,,,,,,,,,,,,,,,,,,,,,,,,,,,,,,,,,,,,,,,,,,,,,,,,,,,,,,,,,,,,,,,,,,,
Country Name,Country Code,Indicator Name,Indicator Code,1960,1961,1962,1963,1964,1965,1966,1967,1968,1969,1970,1971,1972,1973,1974,1975,1976,1977,1978,1979,1980,1981,1982,1983,1984,1985,1986,1987,1988,1989,1990,1991,1992,1993,1994,1995,1996,1997,1998,1999,2000,2001,2002,2003,2004,2005,2006,2007,2008,2009,2010,2011,2012,2013,2014,2015,2016,2017,2018,2019,2020,2021,2022,2023
Aruba,ABW,"Population ages 65 and above, male (% of male population)",SP.POP.65UP.MA.ZS,1.91171812405672,1.98858975994751,2.08520259842802,2.1924159043052,2.29834833522678,2.41645333148827,2.55011918848931,2.72481891485582,2.9549574198844,3.21120578805699,3.47920396639581,3.77466251298027,4.04463281723034,4.27120156502042,4.49503100314278,4.70859179316489,4.92703776672121,5.13827415221804,5.31272799628573,5.45163102753082,5.57687556616981,5.73255718619333,5.88235294117647,5.96473697782362,6.0006072518657,6.00562431483453,6.0054205696353,6.06881904490197,6.17718388891531,6.20278518144684,6.07170004498705,5.82256753094227,5.66114857960352,5.65539562217869,5.69286117964906,5.74808107058177,5.81204593391141,5.90936693487172,6.00486881255072,6.07415733024046,6.18222144399696,6.3786268313703,6.61896039772921,6.85699460825231,7.12230618527848,7.38867070491912,7.62760193897918,7.85906978255924,8.09434123790771,8.33958872971401,8.60262236848979,8.91372975210889,9.28298239842079,9.68074887076665,10.1095728893497,10.5887113089217,11.1188318227593,11.6866442650083,12.2986047255427,12.9432041204658,13.5488239628767,14.0378831637023,14.5117892093357,
Africa Eastern and Southern,AFE,"Population ages 65 and above, male (% of male population)",SP.POP.65UP.MA.ZS,2.68572981812201,2.66686235977537,2.64805888457639,2.6316079472736,2.61991405051008,2.61355373581022,2.61133516060597,2.61353006712386,2.61919109076164,2.62592376230462,2.63263584790394,2.63977434846568,2.64623945701713,2.65279896437488,2.65865168938898,2.66297545259623,2.66875721381766,2.6747965003452,2.68277735531844,2.69275527908452,2.69393172232474,2.69224771271707,2.69454974678403,2.69261757504807,2.68872285517308,2.68631086587113,2.68059563574299,2.67713052380881,2.66894094898564,2.6529268304226,2.63909911889699,2.63057576076694,2.62197292875424,2.60616117210264,2.58565505860084,2.56324779346409,2.5450966062475,2.53010724232327,2.51500872694283,2.50202398848551,2.49458976250177,2.49119192815113,2.488242620347,2.48485103781785,2.48252585662822,2.48263179674137,2.48368412476035,2.48478665199317,2.48602168045082,2.49091435867815,2.50248361798243,2.51993172528345,2.54078170971409,2.56206703965743,2.58419372905742,2.60526089206504,2.62713214435132,2.65140289776507,2.67617684522855,2.70014788441305,2.70980283123563,2.69695936088787,2.6762884649927,
Afghanistan,AFG,"Population ages 65 and above, male (% of male population)",SP.POP.65UP.MA.ZS,2.94910936416918,2.92174536346815,2.8894812130244,2.85517247790703,2.8218680641088,2.79019292180629,2.76164216148525,2.73678998599778,2.71338682869193,2.68909154457891,2.66274724859155,2.63687044909633,2.61064988809448,2.58339505207812,2.55896719494524,2.53866974343216,2.52305938945794,2.50823390612613,2.4891813613777,2.46395581674176,2.43394431818889,2.40321551411421,2.36620899748158,2.32628044181067,2.27694992886557,2.21832133194806,2.1746104900081,2.14739227884601,2.12944183882701,2.1227732052788,2.11618942309149,2.11231817399703,2.116722508414,2.12435217624661,2.12885361244608,2.12928040224506,2.12805783520584,2.12392555385098,2.11650727434659,2.10931398486617,2.10265121543437,2.09613159723192,2.09328035953109,2.09224264690722,2.08970948539608,2.09039437114195,2.09109887155861,2.07899686875405,2.0767101357961,2.0880458508139,2.09401408403724,2.1050139638743,2.11347016227663,2.1090363496305,2.10364382884822,2.09266403363441,2.07711538833622,2.07009985830644,2.06957598742309,2.07320335567457,2.06719118469678,2.04747463678935,2.02927877582496,
Africa Western and Central,AFW,"Population ages 65 and above, male (% of male population)",SP.POP.65UP.MA.ZS,3.0508083546788,3.05630615563657,3.0700680663814,3.08181637507573,3.08908289400616,3.09157190144488,3.09052411058001,3.08464667381487,3.07685912887213,3.06998012467681,3.06129650591146,3.04893529615617,3.03686966795206,3.02865578292184,3.02386584872908,3.02143010236624,3.02125246432249,3.02263517424053,3.02412875194072,3.02467818332236,3.01533182365462,3.00071200103602,2.99366288211461,2.98998251373239,2.98736503989161,2.98677553576265,2.98596312693081,2.98428169599745,2.98106376635216,2.97725558687118,2.97297849168089,2.9664983467277,2.95704624468603,2.94582412312673,2.93217636312645,2.91673982025008,2.90151027863206,2.88653637874523,2.8718976977712,2.85702458571677,2.84224289843758,2.82834124224459,2.81608231123033,2.80512260122565,2.79382216557985,2.78272048511795,2.77326529954975,2.76529159694352,2.7597502894514,2.75682568928936,2.75431522901192,2.74992314768017,2.74267968854048,2.72755684374137,2.70313755233441,2.68553876340426,2.67910974698175,2.675884896168,2.67634679063336,2.68057936387109,2.67503821408354,2.65547413054483,2.64419716313456,
Angola,AGO,"Population ages 65 and above, male (% of male population)",SP.POP.65UP.MA.ZS,3.02512145201661,3.06453725576954,3.07729070732629,3.08860164362346,3.10017955969857,3.11396247121582,3.12938414260632,3.14376007111827,3.15329872210084,3.15091375011772,3.12156959880742,3.0739624659064,3.02324311506036,2.96619359762362,2.90344026276309,2.834293664351,2.75994686335894,2.6818881318704,2.60262959486698,2.5257448054306,2.45163021737312,2.38162657055866,2.31737752431685,2.25604394117727,2.19836073731278,2.14819243253307,2.1060561514827,2.0676678956788,2.03362753512364,2.00849487884231,1.99089291162499,1.98440833278189,1.98499293925721,1.98970560595165,2.00383606849002,2.02769708050129,2.05807050346063,2.09117065459305,2.12253783407042,2.15152179543397,2.17842253462724,2.20192144095094,2.221712766146,2.23833929581829,2.24944871102161,2.25300753273133,2.25087641519793,2.24407198418933,2.23530944803548,2.22641027552877,2.2176972363695,2.2098902683051,2.20333721225201,2.19500220430881,2.18390572684953,2.18052229919145,2.18675997665351,2.19844491154146,2.21644585198913,2.24002512664209,2.25855655546832,2.26473743557088,2.27160652720846,
Albania,ALB,"Population ages 65 and above, male (% of male population)",SP.POP.65UP.MA.ZS,4.42952483943037,4.35701770259117,4.30614096811485,4.26469624399359,4.22236342056994,4.16883634765742,4.09929762257819,4.02227088965658,3.94650534226589,3.87952266934756,3.82819841233164,3.79340566498098,3.77473801025528,3.77204046870027,3.78254975355047,3.80213181072921,3.82598415182869,3.85305524738678,3.88163679749912,3.91123399864788,3.94959151199895,3.99808587692537,4.05459008370551,4.12306823167472,4.20601917494485,4.30042928432424,4.40381745012665,4.5158882779749,4.63297740178954,4.75366367186393,4.8828718425788,5.02982387438155,5.20223878363413,5.40019013949675,5.62395606467504,5.87077528022946,6.13642950507709,6.41968910318702,6.71976995146636,7.03607472068925,7.37091953145031,7.72990673400092,8.11546404801606,8.52012881818052,8.93311943331614,9.34244746348348,9.73794625638942,10.130077971344,10.5131548788807,10.8762439011414,11.2266997098215,11.5782472524657,11.9416728346309,12.3185781185746,12.7291760772472,13.1695857328422,13.6065548805812,14.0340617160295,14.4793364459978,14.9666136205585,15.4093726525998,15.7796003380191,16.1049743143227,
Andorra,AND,"Population ages 65 and above, male (% of male population)",SP.POP.65UP.MA.ZS,5.13357778941854,4.90791630508148,4.6863863150392,4.5323206472385,4.39720666103906,4.3229315774406,4.30822418722159,4.30823759472012,4.38168879923797,4.49287337326999,4.62126642771804,4.7266110420735,4.83177647350583,4.95485065987497,5.09466685937274,5.2810209068694,5.48269464525622,5.68532526475038,5.91362317174794,6.17825145894408,6.47193134398866,6.77371304501502,7.01499406535378,7.20447062097111,7.41186433123858,7.66103007615851,7.90083602350799,8.13257785878437,8.41204979568564,8.72973812613074,9.0752188231979,9.30323679727428,9.44829864552362,9.6531838205847,9.89817333851535,10.1837175248706,10.5554483802514,11.0016977928693,11.4291591971082,11.8212686239499,12.2004929197474,12.2003954424546,11.8566863824869,11.5784954071144,11.3492340701562,11.1602965522205,11.0425781156614,10.9140249167386,10.6885421583762,10.379230952444,10.0254768298561,9.99789754012194,10.3539083182388,10.8273451155564,11.3158222332877,11.8062367879299,12.1805722398165,12.4438202247191,12.7826954900055,13.1148385103562,13.4353977609774,13.739918980191,14.154366694454,
Arab World,ARB,"Population ages 65 and above, male (% of male population)",SP.POP.65UP.MA.ZS,3.18570293535014,3.19513781956759,3.21427619746457,3.22983132374545,3.24202070169654,3.25162240922633,3.24793784544815,3.23076592375286,3.21122999180756,3.18968657001509,3.166471087995,3.14281163191736,3.11982290542007,3.09698576181856,3.0719988378576,3.05598275599558,3.05583854178128,3.04426772864998,3.01414135624416,2.98485023765126,2.95906491319985,2.93450907188935,2.91134025592845,2.89079795560678,2.8776404470347,2.87254308886518,2.87473742264457,2.88248705296161,2.89140515737604,2.90578533470532,2.9206691088584,2.94746018534161,2.97193538110829,2.99579264670456,3.01842875151653,3.04174948728232,3.08430239406729,3.1457070204,3.18738926446599,3.20762438606491,3.22208411275702,3.23141975834069,3.23772364475908,3.23845768545291,3.2353313128677,3.22505968570682,3.20380996604286,3.17804459236818,3.15651513875518,3.14720883646662,3.1569682211766,3.18730581229031,3.23085748008445,3.28108626586048,3.33597311979488,3.39362805856349,3.45346037242811,3.5264057330622,3.61396332497426,3.70984032368339,3.80774231682147,3.89922382810617,3.98913561981418,
United Arab Emirates,ARE,"Population ages 65 and above, male (% of male population)",SP.POP.65UP.MA.ZS,1.84084265574701,1.74980261018996,1.67299880656499,1.60552000951726,1.54503116996322,1.49558060575659,1.44812432160538,1.39959099861007,1.31938377146902,1.24071717964682,1.20745365153132,1.20267477925858,1.21673451876566,1.25170196088614,1.31077520053282,1.40415204144212,1.39338264059242,1.2796560156814,1.16996159788591,1.05946434554933,0.957753301004581,0.918786199785714,0.928012059244021,0.93136281658192,0.927977752656465,0.920210950728373,0.898600328295227,0.869482210146743,0.847453850596431,0.831631755597867,0.821573904686101,0.817099667588999,0.817238765474328,0.819737102184193,0.820985188602164,0.816348783136853,0.799169073389799,0.777002591261103,0.760901920396675,0.7517355163722,0.748484696129202,0.74779556517654,0.744563695191477,0.734394592556971,0.713889882553953,0.663020028314119,0.529799779031311,0.345436403156308,0.194887008550329,0.114107240180873,0.110437407924967,0.150879129964969,0.201012895524941,0.262788317155842,0.338582173474971,0.430945894759481,0.543266356272136,0.680674313719494,0.850735183336603,1.06344644079522,1.2323159678094,1.3457847367882,1.4182136625989,
Argentina,ARG,"Population ages 65 and above, male (% of male population)",SP.POP.65UP.MA.ZS,4.76441502815783,4.87610486155759,4.98227767043582,5.08440119384866,5.18656490266363,5.29003141928785,5.40030350049755,5.51230386110131,5.61419704730131,5.70016164280464,5.784528868749,5.87041218639485,5.94912770659534,6.02195686662725,6.0876182630098,6.15238000664597,6.21648991085119,6.28017112763613,6.34694165858467,6.4101167200668,6.46581864275002,6.51323557117401,6.55096403579016,6.58488167378837,6.61875605407068,6.66323045442799,6.72719812686054,6.80576796779596,6.89812104718877,7.00001712258768,7.10761912608731,7.22187894915923,7.33590177654302,7.4399706762499,7.54605480957975,7.64817675566904,7.73498146766146,7.80389339713234,7.86033100741642,7.91574614994541,7.966510446743,8.01261395995829,8.05304104689006,8.08895204195893,8.13512302064669,8.1943491738262,8.26163492715998,8.32497730168392,8.39465584179221,8.48903078678898,8.58904597508347,8.69295319581769,8.80493432921958,8.9170537442639,9.02931737283853,9.13916554048427,9.23789579191702,9.34381678131142,9.4682002665125,9.60031137474795,9.70961947506709,9.78062415562367,9.85947699523719,
Armenia,ARM,"Population ages 65 and above, male (% of male population)",SP.POP.65UP.MA.ZS,5.39724289566794,5.12531516639116,4.88960016129642,4.69276805523245,4.53699080431074,4.42148860916695,4.34502862310616,4.3020233654052,4.28108336511624,4.27822827179878,4.29513133516706,4.33228578941199,4.382739273197,4.43460305074746,4.4846207679693,4.52741042210756,4.54834530511041,4.53185610677654,4.47630143117285,4.40045817725456,4.31000365344209,4.18687172386898,4.04218170755979,3.9036629354547,3.78232252295838,3.69059476882693,3.63423599354207,3.61895826925683,3.65281064692331,3.74717180551095,3.91436439021666,4.15022105698863,4.5664155415525,5.1248614225794,5.64517330836358,6.09509109740537,6.4548517277354,6.77783922775311,7.05678690882045,7.29777159150888,7.57118010014753,7.90953509643149,8.26940644426852,8.60741760547546,8.89271449110495,9.10538358182912,9.20561862138448,9.1331198986394,8.87689368889621,8.53295231134981,8.24710712211029,8.09433559023191,8.05429174299995,8.06260495097774,8.09254220854052,8.19187742264665,8.37283204311668,8.6045928896271,8.87252824817538,9.19426483652901,9.47754742744439,9.68134860487299,9.9334161814638,
American Samoa,ASM,"Population ages 65 and above, male (% of male population)",SP.POP.65UP.MA.ZS,2.36086872212527,2.32360442051573,2.25491544067098,2.19633647519118,2.18600439787867,2.19945640811206,2.24431818181818,2.31724137931034,2.38386775847555,2.4085637823372,2.4038287226714,2.40347009884093,2.42053789731051,2.46481290765534,2.50008434832484,2.52209313871512,2.5513015852433,2.59587583007657,2.67306374228924,2.74399559982888,2.76603346632526,2.78360288414582,2.82453085703231,2.88752991225738,2.94884910485934,2.98408324928043,2.99810695693327,3.01265131519068,3.03680042007614,3.05523408732246,3.0443199184921,3.02776948342789,3.0343779232928,3.03839987785327,3.0280939830651,2.99655652428749,2.94027840143691,2.88176818950931,2.82958422082532,2.79802452316076,2.84582314760179,2.95034457193887,3.07242259760902,3.20195788507622,3.3266629038603,3.43681091510474,3.52342583266766,3.60715474501147,3.67952732225937,3.71781115879828,3.78698866614848,3.91103313412651,4.047976011994,4.21572493568437,4.39520592389022,4.58642526904697,4.78803486529319,4.98977753486771,5.21049142288887,5.4451974760458,5.70886324469361,6.01417739692225,6.34800896081927,
Antigua and Barbuda,ATG,"Population ages 65 and above, male (% of male population)",SP.POP.65UP.MA.ZS,2.31830761648406,2.45784030559955,2.63506063947078,2.83104360749629,3.02169836592553,3.1733746130031,3.28207084279696,3.34882449425916,3.36760968713711,3.347363536937,3.44098707172,3.69033817213958,3.99803616725309,4.35168738898757,4.73002016995668,5.12160703909687,5.51934014035321,5.90570142660223,6.27618527166443,6.62059410513121,6.94804981434627,7.27338282773653,7.57037933685571,7.84358526594095,8.06088855568956,8.21540367810095,8.33686890114552,8.39461385103115,8.37534372135655,8.28267601710606,8.11143175706696,7.92056645234801,7.75696137559348,7.59913983935235,7.43804227611882,7.2718354333364,7.08751620391306,6.89491625907811,6.72131625776714,6.57820968043356,6.45471925228351,6.35055747038221,6.27668659265585,6.21980922834088,6.16731203614069,6.12445400353155,6.08687680884221,6.0587681150069,6.05448656887026,6.07692692192342,6.14693022969395,6.26017841083105,6.39577456335154,6.53617284097253,6.71248352475993,6.95750589223625,7.27942283418063,7.61381024148365,7.9045189921195,8.19817565569482,8.52369703066542,8.86073105524477,9.24143629136707,
Australia,AUS,"Population ages 65 and above, male (% of male population)",SP.POP.65UP.MA.ZS,7.32573902585688,7.27742947284451,7.24959689616989,7.21966769643149,7.17518523160704,7.13434543952723,7.10082691751522,7.07229068314328,7.03839198770161,7.0042765827622,6.99779386610616,7.02104059464301,7.06701515502246,7.13397134898352,7.21411531509828,7.32480820397473,7.46680488751262,7.61072304958761,7.76573975014766,7.93547450712507,8.09283356692345,8.21388720616058,8.30076837885031,8.37995049666093,8.48584439147512,8.63808210839894,8.83102878023942,9.02054360494895,9.18243612489483,9.32710035989896,9.48536449880477,9.67396899948555,9.86589041265174,10.0489053393787,10.2120927586423,10.3551488885689,10.4926800263019,10.624504355442,10.7481097044139,10.8540253634621,10.9655194043945,11.0991977540716,11.2292793183379,11.3583565047044,11.4959301102582,11.6371924714521,11.7771839819934,11.909782490959,12.0418365482345,12.2195316851777,12.4743768636615,12.7856109702939,13.1122428681184,13.4238544830476,13.7230232424473,14.0152661624721,14.2896879457968,14.5434823623211,14.7924412994182,15.0483718036502,15.3405260495577,15.6646673658566,15.9821771197386,
Austria,AUT,"Population ages 65 and above, male (% of male population)",SP.POP.65UP.MA.ZS,10.1436245197257,10.2216073779695,10.3168224859749,10.3987688949874,10.530013316084,10.6652090675749,10.8019538638353,10.9503113279391,11.0768567675198,11.1869148256264,11.2811313075252,11.3541498331601,11.3964783442274,11.4334027762384,11.5196826068321,11.6451999816181,11.7298869127497,11.801073395915,11.8645147488636,11.8843956384265,11.7669995259556,11.4357653693597,11.03839899135,10.6696823267956,10.4275245736688,10.3771084355809,10.4360397027782,10.5471482726748,10.652381740094,10.7120532275868,10.745585038511,10.7608307036103,10.7871929704956,10.8879394021386,11.0632511590576,11.2717549315004,11.4700923875935,11.6453373432479,11.7945359560779,11.9097506208552,12.0139148794483,12.1279132730069,12.2205067212155,12.3348188104493,12.690940095256,13.255248175052,13.799767191681,14.2206334093808,14.5468302528197,14.861601122565,15.0472277435475,15.1835457388805,15.4572711272531,15.7584163902866,15.9851174315697,16.0839069225737,16.1485927682663,16.3002973885822,16.4914919663439,16.6980124305509,16.9346257795866,17.2304249688091,17.6084424113658,
Azerbaijan,AZE,"Population ages 65 and above, male (% of male population)",SP.POP.65UP.MA.ZS,3.79384550268867,3.65058965402057,3.51837532775521,3.39617154583932,3.28376092315832,3.18327189530252,3.09490765095191,3.01877975121824,2.95469007131103,2.90054318976057,2.85853198179783,2.82871353505391,2.81075495655954,2.80436146209753,2.80311888489126,2.80124244261139,2.94542467731807,3.24469824335093,3.56303497124276,3.68382494520306,3.58772794099102,3.46722890293445,3.33394119103385,3.20742433492152,3.09280597046076,2.98849145423096,2.90026736508328,2.83476288171186,2.80653140168492,2.83232257284761,2.90665308689717,3.01487814303674,3.15693692571419,3.33863540648804,3.55374166726874,3.76843949658841,3.9601922581663,4.14436984229586,4.33606388737724,4.5153954972019,4.68802128053263,4.87623648764396,5.06557184535678,5.22864659396204,5.34068915999249,5.38928695895774,5.35804212726999,5.23835494874236,5.05196091819434,4.84763739337171,4.66246953166751,4.51662086288979,4.42576799896009,4.39132378184088,4.40951822152683,4.47260782084906,4.57040287707006,4.70449900252297,4.88019127865187,5.10236838721422,5.30878170566446,5.5046266349238,5.82927782525305,
Burundi,BDI,"Population ages 65 and above, male (% of male population)",SP.POP.65UP.MA.ZS,2.77495810669769,2.7778715683065,2.78587735560653,2.79797104065686,2.81016332779317,2.81307023645901,2.81367814436796,2.81765075343367,2.82062585335772,2.82369385428517,2.82621692076876,2.82831432580613,2.82214350129022,2.81642243689648,2.82053843071989,2.82390540283556,2.82561610096818,2.82424012312616,2.81700416673422,2.8057268224904,2.79062915511858,2.76691149787114,2.7389307476364,2.71250581868806,2.68510197347182,2.65629467803019,2.62316856774597,2.58270292567256,2.52888928755029,2.46588631427229,2.4004446764897,2.33446154013855,2.27292346380297,2.19949054141094,2.16610559751134,2.14270168193066,2.0718724057903,2.02484654482668,2.00675112588914,1.99519551581476,1.98280041275403,1.97598004325803,1.97378144711705,1.9750932104017,1.9787503113874,1.97852989434498,1.97436083644421,1.96918991996801,1.96703222024542,1.97106598613496,1.9679107747884,1.95474442139369,1.94391424333876,1.93733653328498,1.92564582960587,1.93338245826417,1.97176686439409,2.01558780501665,2.06275444952729,2.10806141142308,2.13470512885391,2.14528387207135,2.1533288969964,
Belgium,BEL,"Population ages 65 and above, male (% of male population)",SP.POP.65UP.MA.ZS,10.4338064945079,10.4984114683713,10.594159401111,10.6473584250348,10.7124785957455,10.8063874122098,10.9177605230013,11.0461752733098,11.1307346088381,11.1913543883447,11.262552195924,11.3206811168486,11.3789569108627,11.4383883444563,11.4939587420608,11.5426385014083,11.5632182608998,11.6118878454579,11.6903319825209,11.7557420780195,11.7423259745695,11.5803535275567,11.3218917562905,11.0343291253505,10.8791145586395,10.9761885750604,11.1868539796982,11.4054891874318,11.6449479395276,11.8760267539508,12.0996787435944,12.316582452898,12.5131907678615,12.6963367446622,12.8879066312144,13.1142721420213,13.3526187745326,13.5756184145927,13.7647328046603,13.9181497099921,14.0425105481449,14.1522905364229,14.2666945440488,14.3890917947843,14.5111417283512,14.5812012258402,14.5652127123912,14.5398547380365,14.5923186652874,14.7078792314758,14.8320468965985,15.0406136419929,15.3164648734866,15.5637733746513,15.8155897366243,16.0562953297556,16.2718407870161,16.4952912214414,16.7369040169881,16.9979462415834,17.2221926303041,17.4457112615947,17.7770215130311,
Benin,BEN,"Population ages 65 and above, male (% of male population)",SP.POP.65UP.MA.ZS,5.50081758804425,5.36899165153848,5.24165193605409,5.12169809566427,5.0141842430751,4.92035756215365,4.8373600912486,4.76437706087126,4.69874311708248,4.63777151819791,4.5786823622751,4.52007418207983,4.46266223178765,4.40528774673242,4.34626975216687,4.28519092625648,4.22352076707962,4.1606856846024,4.09533924339013,4.02551179394725,3.95018686718523,3.87158466336338,3.79134407958116,3.71084452817844,3.62992646957543,3.55118513894363,3.47630121228685,3.4040916427905,3.33600173586607,3.27160155876544,3.20933183052488,3.14891522561825,3.09081991821619,3.03251797189926,2.97693142540114,2.92951143705911,2.8913399760307,2.85832097366243,2.82739691056559,2.79863088432686,2.77293662291608,2.75033598815465,2.73057035770028,2.71338449216271,2.7008223667651,2.69301154518104,2.68859564030473,2.68929644397016,2.69495699270408,2.70229069785511,2.71028786870515,2.71594004009768,2.71473548258984,2.70206531983175,2.66741338899672,2.65220380581819,2.66916752623722,2.68590483561315,2.70418688025494,2.72456265111648,2.73545454775212,2.73222574704161,2.72793321269282,
Burkina Faso,BFA,"Population ages 65 and above, male (% of male population)",SP.POP.65UP.MA.ZS,2.8575112745706,2.8927702760564,2.9259039149732,2.95877182264281,2.99071628926829,3.02196943895563,3.05419491120916,3.08766501062456,3.12084130061494,3.1535974763361,3.18554183794271,3.2173353795495,3.24833262625519,3.27592165642119,3.30165323496065,3.32665937756929,3.35078888764079,3.36901538645889,3.37983404411393,3.38575860207862,3.38556129394161,3.38042855176737,3.37074542909061,3.35512468368757,3.33474026383097,3.3096479591167,3.27952659051174,3.24412964176095,3.20264326382436,3.15577949637089,3.10438388955382,3.05147222113327,2.99612346812329,2.93549915918477,2.87025508827806,2.80373436598085,2.73789639172693,2.67234081839316,2.60874005327453,2.54892418920083,2.49347326538408,2.44347682812832,2.40036569242499,2.36411873214846,2.33251102039075,2.30432481524808,2.28019948867473,2.26097905413285,2.24870461444088,2.24431423720912,2.24449182382712,2.24521208218618,2.24115978865864,2.2128789719396,2.16815257531595,2.1327893922461,2.10772844716042,2.09096570040011,2.08337458549581,2.08309896171235,2.07763578112312,2.06291199989828,2.04982142469946,
Bangladesh,BGD,"Population ages 65 and above, male (% of male population)",SP.POP.65UP.MA.ZS,3.0228139920231,3.01246130490769,3.01200619001315,3.02464077994656,3.04898250921277,3.08003021918806,3.11832192303897,3.16204383250472,3.20771741373182,3.25396120692934,3.29777862175378,3.25899604071088,3.22479095642428,3.27587637162069,3.32408089697585,3.38100274768164,3.45301914850006,3.52215219383257,3.58084594254079,3.63121341228212,3.67083474446835,3.69755465483574,3.71223329242398,3.71895243062398,3.72258389564674,3.72499916926189,3.72857162000124,3.73201467024794,3.72765717642859,3.71614918439254,3.70861791027224,3.70589191595599,3.70528016031798,3.70607244080588,3.706590896811,3.71576500237679,3.73401193118275,3.76008107185964,3.81058122352692,3.89533704683168,3.98264906330406,4.05368782837797,4.12077816976887,4.1845541401825,4.24494312470081,4.30358612786034,4.36667505327067,4.42341409810849,4.4791256421256,4.53844860716214,4.59796784613229,4.66090180054735,4.7157019918243,4.74284390252053,4.75840703467109,4.80977768069537,4.89466364847932,5.00491961630033,5.15005091646251,5.31328135098873,5.45395971579118,5.60041375227247,5.7755767779746,
Bulgaria,BGR,"Population ages 65 and above, male (% of male population)",SP.POP.65UP.MA.ZS,6.44171609251793,6.63621461940356,6.82043549415097,7.01901140589353,7.27153136254195,7.53997593132299,7.81366727715731,8.07057921909318,8.31618493700212,8.56101393197409,8.81508901599519,9.06721641338482,9.30191736995357,9.55776207098952,9.82864675474024,10.0972072750661,10.3487095858782,10.5479446928224,10.7381872098279,10.9324991057407,11.0404142513026,11.0768438623398,11.0713414165776,11.0395046944816,11.077836570435,11.2234583735923,11.4575254053023,11.7121211143568,11.9558713130896,12.2366201323616,12.5275857666563,12.7902153716321,13.0414415025249,13.2847053233893,13.5134581156106,13.7273528658555,13.9183691349842,14.0992366241253,14.2920581486857,14.5168096725108,14.7208558967656,14.8743342710328,14.9879349892601,15.0443873409136,15.0680069809207,15.0750917856338,15.080801333018,15.0947340298061,15.1282119436547,15.2116576901325,15.3590398821233,15.5996638570283,15.8977259846064,16.232974116796,16.5911782009785,16.9181589937371,17.2136314227195,17.4885929661591,17.8027413795676,18.1509798037922,18.4125941798576,18.5050938752067,18.4262161094653,
Bahrain,BHR,"Population ages 65 and above, male (% of male population)",SP.POP.65UP.MA.ZS,2.09003934191702,2.03182111373898,1.97544406099145,1.9169440513444,1.85113156719536,1.85468317958966,1.93900559876005,2.04212740305285,2.15762866661807,2.28783583774427,2.43704404876536,2.50558319946715,2.45813721189961,2.38598140856561,2.31428376459425,2.24215932952549,2.17034507070742,2.09991115970751,2.03157111794723,1.96472894176976,1.90412995259019,1.87963926387537,1.89481674257211,1.91673670597951,1.93494690286992,1.95353913924566,1.96877095869189,1.97731606945699,1.98133821011179,1.97606955382816,1.96030522252783,1.96904666932589,2.00802285559476,2.05513858958163,2.10646343057129,2.15320174878202,2.19040014625071,2.21852670345111,2.23620384601299,2.24174945715676,2.23847958805493,2.23101267657738,2.22051453013668,2.1769543629433,2.08711470115675,1.99361507583129,1.9137591165601,1.83799041157507,1.76703085513341,1.70642185522086,1.70636717928858,1.75628043708685,1.79155722289687,1.96236835720718,2.28264570052695,2.44059786182598,2.42780854148483,2.39690549300206,2.41283742170014,2.53693582505856,2.75517964429669,3.02344303276456,3.26759840780356,
"Bahamas, The",BHS,"Population ages 65 and above, male (% of male population)",SP.POP.65UP.MA.ZS,2.87220049927971,2.74571247088715,2.6369135851929,2.54110612855007,2.50569476082005,2.51436881102417,2.52632973438431,2.55323999316096,2.59462796412187,2.64742182022563,2.69107587238174,2.7262152730814,2.77407280491341,2.84137461932073,2.92472293824184,3.01901151958725,3.1271629019065,3.24299490366216,3.3487255092863,3.44074201929541,3.52510422976873,3.61577122443261,3.71039125019931,3.79886894516843,3.87953313880784,3.93536254092081,3.95883679716449,3.95099686202415,3.90989165172656,3.86907725897269,3.86466713511117,3.86102946051672,3.84246194706872,3.83675084436782,3.86740905767852,3.91598445719263,3.94706035814865,3.98637754598401,4.04567002564568,4.13493170135576,4.25860012525295,4.37861882159986,4.48390452256681,4.59131562756668,4.71223150786619,4.84258996547974,4.96783135166679,5.10295202101673,5.23759419877719,5.33835894787656,5.42708694146172,5.55129266167177,5.71148674501972,5.8735677342619,6.04160493728295,6.22650301290944,6.40925565271328,6.58829918899583,6.80150112116934,7.06475031808668,7.33524929822216,7.57662380946277,7.84965592962835,
Bosnia and Herzegovina,BIH,"Population ages 65 and above, male (% of male population)",SP.POP.65UP.MA.ZS,3.0741540128638,3.16671737695289,3.28660010086221,3.42866631936181,3.58223163157892,3.74063638954473,3.90167936720835,4.05896218007252,4.21269411213929,4.36992660385706,4.53198563051283,4.70279250244461,4.88115215832723,5.05863255814677,5.22276497301244,5.36056298976417,5.46876076997673,5.54511986793991,5.58359643912834,5.5798023256634,5.53669520773177,5.45605351515326,5.34283424705542,5.21525574026232,5.10443440778584,5.02948297766567,4.99457672640876,5.01460809135855,5.0960998124799,5.24079858887726,5.45395936321912,5.72790800483147,6.14605764589977,6.68273930399935,7.24593152047124,7.71583168520825,7.95467875093038,8.19489081619481,8.52129488706354,8.90860525627163,9.30629418926224,9.70121867792502,10.1048184773377,10.5174434590609,10.9512010563955,11.3163996561377,11.5689062535516,11.72595736062,11.785892223593,11.8154290497298,11.8436745752684,11.911677935775,12.0655215860901,12.3260377136219,12.6672092884006,13.056363565214,13.4845659817979,13.9609175941323,14.4993238981426,15.0688288802932,15.5705851317432,15.9423165602336,16.1551538056582,
Belarus,BLR,"Population ages 65 and above, male (% of male population)",SP.POP.65UP.MA.ZS,5.47608497668804,5.48641326839332,5.48798792885659,5.49795255631425,5.54367764672727,5.62116276641925,5.72381341911426,5.84914938775034,5.98883161977645,6.13734641626311,6.28844014680771,6.44374270321973,6.59376917311778,6.73915214866033,6.87747059059464,6.99210920565459,7.08723107891279,7.16040775667998,7.19932326585488,7.1807995434595,7.10005636808745,6.96819788293635,6.80539284504566,6.64746431366919,6.5148797340909,6.43108241278302,6.42833488530869,6.5099282675686,6.65184569142037,6.83652598292409,7.0614207821948,7.33968608891644,7.68842397837458,8.08612976064049,8.49863812048898,8.88894521916749,9.22766402033277,9.50367827477476,9.70568725053933,9.84796474777746,10.0016252204068,10.209063249488,10.4231432068974,10.6144945929589,10.7657452991497,10.83993494661,10.8266246677479,10.7230086631379,10.5233654267301,10.2681879943271,10.0371829258879,9.91141202450918,9.94792038398401,10.1269816935571,10.3795498112342,10.6374946792013,10.8860645268383,11.1610219472112,11.4816456559329,11.8267664825597,12.1073746899335,12.3285604805159,12.6355228402474,
Belize,BLZ,"Population ages 65 and above, male (% of male population)",SP.POP.65UP.MA.ZS,3.96078950854418,3.97696134793308,3.98607175347422,4.00073146944083,4.01080324491627,4.0170123291599,4.02430327223555,4.0315198075784,4.03953401369422,4.04575444999197,4.06200553797468,4.09275952311719,4.1236540796166,4.14806605687884,4.16064898749347,4.16880296769913,4.17736461561163,4.17791898332009,4.16519415897429,4.13877979976769,4.10224918515119,4.0719603467683,4.04961387851158,4.02752899028943,4.00823652344951,4.00199618800243,4.00376492734867,4.00117461450764,3.99769981451936,4.00402003390523,4.02834884224194,4.04769093056637,4.00786221417792,3.92397021828069,3.85177816463566,3.81530583545887,3.82215655643598,3.84737866904446,3.86933790255261,3.88145794662464,3.88143820964292,3.87504737587521,3.8707804273769,3.87627781118461,3.88855628404129,3.90572342795519,3.93051503300432,3.95930333972923,3.99636960787194,4.05031574529244,4.09076530897047,4.11313544823911,4.15210177972568,4.21136261863146,4.27478587948255,4.33756710533223,4.40616240435503,4.47829256976205,4.55242541289984,4.63397705466868,4.75101856043459,4.87103098188396,4.9654718842486,
Bermuda,BMU,"Population ages 65 and above, male (% of male population)",SP.POP.65UP.MA.ZS,4.44048901587896,4.44027374058731,4.44121915820029,4.43247721623861,4.44212677195522,4.48548812664908,4.54351665753091,4.61978659566436,4.73484479906588,4.89307720188474,5.05531595724733,5.21792510742787,5.38158286224338,5.53489755698509,5.69909662069222,5.86233824185631,6.01034919216738,6.14003992611802,6.27549302099315,6.43792935170239,6.60972404730617,6.76215731679988,6.8602365854563,6.92403991310431,7.01882653993785,7.13391285410958,7.20944910287621,7.23608720596672,7.24588585590244,7.27927225010196,7.35011377065952,7.44326353081483,7.54496653653095,7.64672246192234,7.76218713369648,7.87478559176672,8.04225039673737,8.27292328064784,8.51635356129207,8.75178616457931,8.99635463696866,9.2772706868173,9.55072894971735,9.82097354880074,10.111109292926,10.3645111310446,10.5372001758643,10.7261424293712,10.9574122236671,11.2120867885948,11.5824610299122,12.0964479326806,12.6346608003623,13.1157097056252,13.5573411249087,14.0288882737058,14.5173921555831,15.0504014200335,15.6133346317395,16.1344646674007,16.65723936196,17.1723859507469,17.7778137023505,
Bolivia,BOL,"Population ages 65 and above, male (% of male population)",SP.POP.65UP.MA.ZS,4.49047786735725,4.37035973935284,4.25029259023105,4.1330224435139,4.02315038276174,3.92238642416564,3.83033149922452,3.74678009430224,3.67113339999733,3.60404472476754,3.54597402574522,3.49590471183132,3.45281161666406,3.41687635902348,3.3886019423916,3.36530962867974,3.3471585646204,3.33562008613123,3.32728778531669,3.317692869102,3.3053068149024,3.29116464247476,3.27498938246828,3.25793844994874,3.2447976083523,3.23795858804128,3.23538058943597,3.2357512622516,3.24130403809172,3.25496285593398,3.27613900151323,3.30479213482371,3.34138291040514,3.49401123973205,3.73841725683185,3.94684965306193,4.12145549267643,4.26741215082417,4.38750037242439,4.48173829437671,4.55614093218976,4.55233087515863,4.48382170737244,4.42461930390905,4.37602383613592,4.33833746954635,4.30885297430847,4.2875065068097,4.27549811007274,4.27353067529194,4.28031558579776,4.29392088944215,4.30932813463799,4.31817168986214,4.31822321105048,4.31925810889938,4.32792519614102,4.34244588773017,4.36358985485418,4.39224355437361,4.36145667868575,4.25865310609953,4.16956976189872,
Brazil,BRA,"Population ages 65 and above, male (% of male population)",SP.POP.65UP.MA.ZS,2.52047617425162,2.56471983867676,2.61823991642159,2.67503117507625,2.73214379121854,2.79061218520397,2.85145908487473,2.91266064682753,2.97345024083077,3.03422890794293,3.09441335284967,3.15387193278466,3.2129658730062,3.27247662095747,3.33374015924311,3.39638475431549,3.45822287097001,3.51708191807713,3.57294893546,3.62705754166234,3.67814965949488,3.72539485049541,3.77009814036268,3.81412638812236,3.85943883916419,3.90735913676711,3.9599548483257,4.01936313051221,4.08619506889766,4.15900000545494,4.2292720600196,4.29651116645886,4.36740049697152,4.44084155703575,4.5143249873251,4.58497274650328,4.65454175892303,4.72550492941609,4.79682977904391,4.8683105024318,4.93673297078286,5.00956850514055,5.09364851278275,5.18852114929386,5.29417354010558,5.41029472354438,5.53554363926707,5.66616394099558,5.80179382237254,5.94059779540013,6.07870574248616,6.21362870587582,6.35538893347175,6.5189831804541,6.71436496965911,6.92757874063894,7.14174376407187,7.36604137091388,7.60374137353294,7.85238033141584,8.10591116061029,8.35355449739588,8.60604179997608,
Barbados,BRB,"Population ages 65 and above, male (% of male population)",SP.POP.65UP.MA.ZS,3.18912542521672,3.36900119397293,3.62260788161377,3.91336571775547,4.20625775571707,4.48803162222359,4.76327944572748,5.02852570792458,5.28837836902744,5.5441557938751,5.79030001753988,6.04091671134486,6.29042088511157,6.52692720500032,6.7632385193618,7.00085315354683,7.23713609506628,7.47070412918564,7.70601991921108,7.9542313633038,8.24394803177005,8.56564385506405,8.87415673385978,9.14586904422598,9.34978737730608,9.48024232135207,9.54740878922043,9.55844655216611,9.540232189762,9.50803079777812,9.46620560582511,9.40892206714992,9.34079766000551,9.28895974491829,9.2729058710773,9.28965870429111,9.31403448262192,9.3543469222088,9.40623232598886,9.45483401039878,9.49944821062589,9.53667331202101,9.60547608132623,9.65522358334733,9.68052100729114,9.73274443443972,9.76770827689235,9.8159272505604,9.92671219452205,10.0996990650341,10.2799494816528,10.4582544353949,10.6921123450707,10.9656962967722,11.2629928619346,11.5822554028096,11.8990208835673,12.2489140967268,12.6496511406525,13.1043602972676,13.6157528544244,14.1333570663077,14.64860883373,
Brunei Darussalam,BRN,"Population ages 65 and above, male (% of male population)",SP.POP.65UP.MA.ZS,2.62188443795427,2.61464706995521,2.62747138397503,2.63313383905768,2.6270386110203,2.61314538543461,2.60239330931209,2.5877522012082,2.56784117007132,2.54963245933901,2.53215489850568,2.52855790890793,2.55544500433289,2.5995181260181,2.63755980861244,2.66570355388616,2.68379888268156,2.69342801402917,2.69374006192987,2.68075065069221,2.65504075440996,2.62421240416002,2.59833945202836,2.58782587024824,2.5939716770529,2.60295179239811,2.60455382825377,2.58793704447026,2.55596746192393,2.5201034944063,2.47910893313789,2.43826336572564,2.41649690716774,2.41823254341474,2.43856862561899,2.47550949696034,2.51700449652205,2.55577750553702,2.59527948254047,2.63433973418961,2.67797506203227,2.72842887343191,2.78390184452326,2.84536870552008,2.91118965357479,2.98302894173869,3.05293359818097,3.11214076335337,3.15246341536405,3.17069450731112,3.17149417252812,3.20383185094311,3.28452467180791,3.3903577710415,3.52585371718718,3.69130356232176,3.88733848023738,4.11049188706908,4.35943871032253,4.63601262363582,4.93687603038347,5.25534712368356,5.59204151504059,
Bhutan,BTN,"Population ages 65 and above, male (% of male population)",SP.POP.65UP.MA.ZS,2.23933462769586,2.23173224322943,2.22859555025824,2.2297009662573,2.22901774410315,2.22717317423155,2.22814019248849,2.22962084049091,2.23156133879969,2.23621514617963,2.24335027496753,2.25321888412017,2.26567982390375,2.28144049462628,2.29969515016729,2.31898366133617,2.34148363033568,2.3646274861945,2.38957419456139,2.41798988270874,2.4488576288328,2.4822821404867,2.51867081909715,2.55682889526723,2.59770886063083,2.64363868889731,2.69271464278595,2.74407845971043,2.79950604407941,2.85911071809813,2.92260291744781,2.99257694690131,3.06976350785811,3.15610962238016,3.24256326772236,3.33383959728228,3.42981446857472,3.53175894613219,3.63813587887591,3.77427722109307,3.9351284189187,4.08901044807539,4.23327267315004,4.365802184316,4.4809129147211,4.56516973900992,4.62519203154401,4.68334462082294,4.74996053154482,4.82589857173431,4.90987794209872,4.99883423323502,5.09008257569439,5.18445051763252,5.28570571207116,5.40062147950585,5.52699277157396,5.58531453478317,5.58671574860459,5.61590064430869,5.67112229258135,5.74637117000693,5.83782282028362,
Botswana,BWA,"Population ages 65 and above, male (% of male population)",SP.POP.65UP.MA.ZS,3.22185837752417,3.15096932192337,3.06387928729382,2.97552241996686,2.90253020049097,2.8836540057924,2.9172228776742,2.97095944894478,3.03253411670252,3.08252207024344,3.10589164918914,3.06923690700711,2.9582410007259,2.81613578597632,2.68338037883931,2.56884068058891,2.47037157883676,2.38742783166115,2.32168504626234,2.27554935797958,2.24882470900845,2.23971841617509,2.25319496793181,2.28528499890037,2.32900098560676,2.38243489784248,2.44394825385267,2.51358355424382,2.58407431896759,2.64511717020022,2.69340063345855,2.72897012949293,2.74405508489175,2.7401673357489,2.73457626603567,2.73547449002561,2.73938878067146,2.74574395630935,2.75250369438454,2.75473136809357,2.7517466932318,2.74650174416295,2.74199052697156,2.73727109093535,2.72872131831111,2.71595799826201,2.69761442998596,2.67551477670725,2.6548865918827,2.63937025412273,2.63021915411436,2.62502865361603,2.62036893388984,2.6151108943781,2.62718819979018,2.65967454191287,2.69932253684876,2.74662623314701,2.80124119027516,2.86242643135512,2.92120365271805,2.94016364895694,2.9776941454735,
Central African Republic,CAF,"Population ages 65 and above, male (% of male population)",SP.POP.65UP.MA.ZS,4.03858911486173,4.00828067194375,3.98727731527663,3.97098796613364,3.95184658607233,3.92682724125337,3.89723325657597,3.86365622754457,3.82761758193873,3.79316477931868,3.76281434522908,3.73676540338744,3.71540327678644,3.69724199026628,3.68040010577467,3.66434900496579,3.65394752795761,3.6414369793071,3.61485798635855,3.5739606291954,3.51887758797297,3.45025735928206,3.36936697010782,3.27927686780802,3.18360489082599,3.08463766969173,2.98347500818827,2.88036138845674,2.77581771652988,2.67299763149818,2.58084732223214,2.50386052159558,2.44063041221548,2.38942918373444,2.34621651899379,2.30705735442185,2.2724056311717,2.24317115131584,2.21804788542898,2.19555186330355,2.17439363648865,2.15336970146995,2.13694443888749,2.12524985815103,2.11450376138154,2.10611646887959,2.09838204005783,2.09443263554582,2.09669983287159,2.10329172337873,2.11248113378669,2.12224627326981,2.132917493976,2.14478414464707,2.17040829460909,2.21862165693071,2.27356994032803,2.32486172294372,2.37092704695017,2.41005628869176,2.42550746983623,2.41100664356419,2.38592502203362,
Canada,CAN,"Population ages 65 and above, male (% of male population)",SP.POP.65UP.MA.ZS,7.36223992258222,7.33165308046419,7.29207153589959,7.2468706764953,7.20805824801968,7.1828461792691,7.15618328750631,7.13317271883319,7.13204638980906,7.15293997148736,7.16784301909042,7.18065241594827,7.22630058866649,7.29304017577606,7.36127967451422,7.44646372927538,7.55863214149432,7.68736187764237,7.82800293873189,7.97426806518366,8.10911320023832,8.21973366078197,8.31101495788757,8.40084873903211,8.51868068543763,8.6778300251724,8.85419330629659,9.03109525653157,9.19097530399155,9.33348661163847,9.4842565775964,9.6343122213965,9.77392455665886,9.90301245257127,10.0268742018465,10.1572860519521,10.2937858901438,10.4367381371278,10.5750709869958,10.6881980380378,10.7923343322125,10.8981547047204,10.9972485147898,11.1078181006851,11.2350042144881,11.3835058831465,11.5691275560281,11.7880640925509,12.0298706960763,12.2861455630387,12.5737929012071,12.9348729835044,13.3684521717283,13.8171681189976,14.248842043996,14.6690840766892,15.0759301193729,15.4664844974958,15.8461464009313,16.244133976452,16.6959869741347,17.1915003613395,17.7006435241405,
Central Europe and the Baltics,CEB,"Population ages 65 and above, male (% of male population)",SP.POP.65UP.MA.ZS,5.92321689284013,6.05796262905798,6.2017276955069,6.36273600672279,6.55336295668863,6.77505691440942,7.02192713328126,7.27303395544103,7.5129858309217,7.72889931403615,7.92857961272058,8.12166970782984,8.33046576377805,8.54199154550784,8.7373173163073,8.91659985870159,9.06100755453471,9.19280738419562,9.3042240974983,9.36967704526787,9.30869085037002,9.10743953584168,8.84756570963358,8.55986017094982,8.39100717836543,8.3738066193701,8.411289408225,8.49513809540481,8.6294914966021,8.76775871858562,8.89648714230465,9.03090025600105,9.17999277541378,9.3673539439598,9.5738367629896,9.80219136618574,10.0293462604711,10.2378777078591,10.4304309961585,10.6067882679379,10.7633296289333,10.9109450040142,11.0804438794217,11.2347376705681,11.3785132004156,11.5177455492659,11.6453775397148,11.7520984783327,11.8476081248175,11.9573340946851,12.0649999996101,12.2590021540861,12.5722522188459,12.9320369613006,13.3286503803396,13.7388610899268,14.1555372316589,14.5675479307255,14.9801673441278,15.4084669053909,15.8026147685822,16.0826028531204,15.9569769238231,
Switzerland,CHE,"Population ages 65 and above, male (% of male population)",SP.POP.65UP.MA.ZS,8.78875905364967,8.79766241706212,8.75218803777235,8.70328326425178,8.73143304896435,8.83010212138159,8.94016000266197,9.06614547067306,9.17321329562745,9.27181966437355,9.42152474238309,9.60298484105968,9.77301310849053,9.9585561582002,10.1603912419935,10.40938229735,10.6859439933295,10.9371197829312,11.1530380077333,11.3268408649592,11.4204146401526,11.4333046983756,11.4318198984044,11.434235664434,11.4556289921733,11.5363400229836,11.6624629556345,11.7671485940125,11.8370942042891,11.8777827267319,11.8820738887702,11.8560567266506,11.8490170509682,11.8734883589157,11.9248130382543,12.0101916978673,12.1271883872782,12.2716562676517,12.4183518627125,12.562796212266,12.7156491442417,12.8660582090089,12.9829238489661,13.0933516724702,13.2457912318108,13.4200657915081,13.6345768845033,13.8831308120658,14.1170366124312,14.3759050086143,14.624128300918,14.8793716941818,15.1750368152021,15.441341842103,15.6787188261655,15.8944142178974,16.0779527311293,16.2674323068909,16.4834223904819,16.7047966415057,16.8975674197262,17.1679254203099,17.5565697908159,
Channel Islands,CHI,"Population ages 65 and above, male (% of male population)",SP.POP.65UP.MA.ZS,10.8340310549551,10.7281958874154,10.6959815791428,10.7044738268724,10.7440194866575,10.7993457120774,10.8463821694542,10.8974922236086,10.9874161365453,11.0890305486016,11.1779542588364,11.2539460134713,11.3291181587047,11.4157978118961,11.4961835832325,11.5759940451359,11.7176750282927,11.9324044359589,12.1456865482646,12.2992395653268,12.3649323342453,12.3286008979493,12.2218481467231,12.0898031689638,11.9930311401306,11.9579143533797,11.9297841284474,11.907838725371,11.8992463785556,11.8944665649537,11.9139718397029,11.9614213792296,12.0044350103216,12.0013980514658,11.9965082020878,12.0364109610952,12.0758902679504,12.1078431372549,12.1753840198981,12.2921361134088,12.4416012269067,12.5965969639442,12.7496030830133,12.9131293530614,13.1027757557445,13.2715125455832,13.359447688138,13.4109832538123,13.5138357198681,13.6744448675692,13.8269193201797,14.1172511099893,14.5404107693397,14.8589633904971,15.1136342036736,15.3431575773565,15.6183723606058,15.7586170795844,15.5264531953906,15.1584562847249,14.9023200827545,14.8249145639249,14.9382866493742,
